Raw_Channel_ID,Platform_ID,obs_std,obs_mean,obs_min,obs_max,count
1,-1,41.24021602359817,208.22273322718033,100.05000305175781,394.57000732421875,2926542766
1,14,41.327284893723814,207.8169613626723,100.05000305175781,310.2799987792969,427042599
1,15,41.04663567664617,207.8800498952633,127.05999755859375,309.5899963378906,319051660
1,16,41.42100925796816,208.14278919405663,126.79000091552734,308.2300109863281,124913934
1,20,41.14014589902778,209.03961586836954,124.87000274658203,337.25,713119606
1,21,41.25418399919993,208.74091637231214,126.77999877929688,330.0400085449219,380777123
1,22,41.468828998634294,207.7549561811665,126.37999725341797,311.29998779296875,33770225
1,23,41.22517200714171,207.89070827520226,103.43000030517578,335.6199951171875,511072478
1,24,41.374158146386435,207.498732747136,106.08999633789062,394.57000732421875,416795141
2,-1,42.35156302701715,200.50795140794938,100.94999694824219,393.760009765625,2926852120
2,14,42.43238765868099,200.50970335022487,102.25,349.989990234375,427041902
2,15,42.37821759674517,200.43489692402326,128.9499969482422,391.1099853515625,319138557
2,16,42.4181859247546,200.55380504127112,128.77000427246094,309.7900085449219,124913844
2,20,42.14354800867645,200.64876607858156,100.94999694824219,393.760009765625,713067015
2,21,42.428706644694,200.5966099969148,125.19999694824219,389.239990234375,380759652
2,22,42.77395598117269,200.30118702627163,126.6500015258789,312.30999755859375,33770256
2,23,42.340830224863886,200.5588337281406,106.45999908447266,352.989990234375,511199152
2,24,42.48934677896721,200.1809242176506,105.98999786376953,387.67999267578125,416961742
3,-1,20.654211443603277,239.67597998442577,101.58000183105469,396.6499938964844,2915783664
3,14,20.640309535756234,239.02825697348518,102.26000213623047,305.29998779296875,425591072
3,15,20.754475689302417,239.31982347154866,161.52000427246094,305.0,316788457
3,16,20.797609779184707,239.60193534359053,162.19000244140625,306.17999267578125,117006936
3,20,20.57035506099064,240.3988423091283,101.58000183105469,396.6499938964844,713805073
3,21,20.628191086251746,240.24573219569243,105.66999816894531,348.6099853515625,380792107
3,22,20.971732363642126,239.5187469244942,161.67999267578125,305.7099914550781,33599419
3,23,20.64379963996173,239.28780710499603,135.39999389648438,377.32000732421875,511239141
3,24,20.657129994869994,239.35927759288055,102.47000122070312,366.7300109863281,416961459
4,-1,14.118512036404663,252.30696305553758,100.13999938964844,399.42999267578125,2756460860
4,14,14.122711536180665,252.01396193021426,100.13999938964844,288.6499938964844,426883764
4,15,14.231585145244221,252.41593789652126,176.64999389648438,290.3999938964844,318965803
4,16,14.165902999826118,252.25677303949308,183.97000122070312,289.760009765625,123998052
4,20,14.121236125852512,252.69912445033674,108.1500015258789,398.0299987792969,713901759
4,21,14.163904400202544,252.68957089949384,147.1199951171875,333.9800109863281,210938225
4,22,14.113478606124152,251.90575278687126,184.92999267578125,290.2200012207031,33581921
4,23,14.070657724604022,252.08444438549284,101.37000274658203,385.6400146484375,511229767
4,24,14.022401956644082,251.97863996767308,102.83000183105469,399.42999267578125,416961569
5,-1,11.163176900281075,245.41021690078338,100.05999755859375,399.57000732421875,2926909239
5,14,11.211517688062667,245.06752166285446,100.05999755859375,271.1199951171875,426882301
5,15,11.301232762545103,245.3449099961591,190.07000732421875,272.0199890136719,318692542
5,16,11.307550524910194,245.3309843694873,194.9600067138672,271.9200134277344,124863670
5,20,11.081251306080139,246.0241677869089,113.26000213623047,396.6600036621094,713901558
5,21,10.934146984050066,245.6812797574665,101.30999755859375,322.010009765625,380747023
5,22,11.112821269923952,245.13065861655738,196.13999938964844,284.79998779296875,33600861
5,23,11.202234244801192,245.11900474050256,113.62000274658203,399.57000732421875,511259376
5,24,11.213179254315767,244.91561079955835,167.67999267578125,398.2099914550781,416961908
6,-1,7.713891368586497,231.2946742096302,100.0999984741211,390.3500061035156,2886804538
6,14,7.897862190855593,231.09866165023863,100.0999984741211,249.8800048828125,426878999
6,15,7.970061797130121,231.61049043314947,160.67999267578125,266.6499938964844,279307825
6,16,7.996918721049669,231.20310391109612,197.0399932861328,250.64999389648438,124859207
6,20,7.369176007248806,231.17957960206905,148.9600067138672,390.3500061035156,713536530
6,21,7.493066073908454,231.8209209255525,155.08999633789062,320.1199951171875,380399020
6,22,7.599152738324986,231.349948925982,198.1999969482422,265.239990234375,33600680
6,23,7.846085066932916,231.0804876900551,112.4000015258789,302.7799987792969,511260314
6,24,7.853718598471059,231.28624506808637,101.45999908447266,303.69000244140625,416961963
7,-1,6.416953808878566,222.34438923940434,100.0,399.989990234375,2571976250
7,14,7.750006984442513,221.255436417049,100.0,399.989990234375,74653414
7,15,6.537903388594264,222.15551670440135,176.3300018310547,279.5899963378906,317962068
7,16,6.527950796138821,221.7664145137746,190.17999267578125,238.97999572753906,124858967
7,20,6.178927188525652,223.32248136102174,100.16999816894531,300.1099853515625,713487219
7,21,6.164434007103151,222.53774600415397,190.50999450683594,364.8399963378906,380779422
7,22,6.265129610871565,222.11816555196668,172.75999450683594,399.9100036621094,33175900
7,23,6.43172803755127,221.548362934966,109.05000305175781,331.6000061035156,511260077
7,24,6.41970823810037,221.99930153421616,128.58999633789062,386.1499938964844,415799183
8,-1,7.303145701835051,216.2997022234589,100.0,399.9800109863281,2741976457
8,14,8.610258886533288,215.54162981896553,100.0,399.9800109863281,245900057
8,15,7.206374543169343,215.94543768862144,183.55999755859375,237.4499969482422,318965803
8,16,7.078580485540583,215.94551749031308,185.0800018310547,237.38999938964844,124668623
8,20,7.067733680524846,216.85281652105613,118.7300033569336,366.42999267578125,713902686
8,21,7.116563779583607,216.45563826023616,161.63999938964844,355.2300109863281,377853920
8,22,7.185832233963509,216.21878549216927,156.41000366210938,237.1699981689453,33601161
8,23,7.142087348093784,215.57114066840478,122.55000305175781,344.54998779296875,511259928
8,24,7.228501499029772,216.9369339929,155.44000244140625,380.32000732421875,415824279
9,-1,9.520505076995214,211.8162660155496,100.72000122070312,380.8599853515625,2925349079
9,14,9.523927884441965,211.43161722587945,100.72000122070312,245.02999877929688,426879018
9,15,9.563511692221452,211.73994824203095,178.77000427246094,245.55999755859375,318893075
9,16,9.388245763123724,211.29289143024863,179.08999633789062,239.47999572753906,124860887
9,20,9.48195305598259,212.2969727731018,118.12999725341797,306.8399963378906,713442289
9,21,9.465618434534367,212.76298272269852,131.32000732421875,380.8599853515625,380513556
9,22,9.607492278441004,212.10083604263878,179.4499969482422,244.91000366210938,33600239
9,23,9.52821856182848,211.13612364930944,152.19000244140625,291.67999267578125,510198438
9,24,9.51258504858709,211.54798135243044,166.02000427246094,309.1300048828125,416961577
10,-1,9.394261228154367,214.97069771279078,100.08000183105469,364.260009765625,2924790611
10,14,9.42946955816093,214.64700047882633,100.08000183105469,252.17999267578125,426869341
10,15,9.45813656346092,214.8447929062571,179.0399932861328,253.2899932861328,318953966
10,16,9.300343103957088,214.4864644243555,178.58999633789062,246.0800018310547,123747230
10,20,9.379651181707143,215.40672753762968,105.97000122070312,364.260009765625,713527851
10,21,9.27122505094617,215.91536890252632,174.5500030517578,352.739990234375,379873435
10,22,9.274517023289983,215.2731715153214,179.6300048828125,247.0500030517578,33599602
10,23,9.406004339627414,214.33102663645667,146.7899932861328,292.29998779296875,511258726
10,24,9.366553861473136,214.69526703270074,162.47000122070312,303.8999938964844,416960460
11,-1,10.198936108343142,220.88097771088943,100.2699966430664,368.17999267578125,2314397759
11,14,10.252443064558575,220.60972569729228,100.2699966430664,263.9700012207031,426870929
11,15,10.246796894717745,220.7732839875783,180.72999572753906,264.3900146484375,318959353
11,16,10.149357204057848,220.42403061148147,180.63999938964844,258.17999267578125,124856507
11,20,10.167892848722065,222.12063249161855,107.94999694824219,345.3999938964844,101160146
11,21,10.085426660818836,222.08281471453788,154.4199981689453,359.6300048828125,380773528
11,22,9.844009539190237,221.47011468718298,182.30999755859375,270.1700134277344,33586626
11,23,10.207692818786537,220.28413160728743,144.57000732421875,298.57000732421875,511259449
11,24,10.134640593283308,220.6639564249593,150.0500030517578,368.17999267578125,416931221
12,-1,11.393258460559856,229.3175849720476,101.5199966430664,394.1199951171875,2920657731
12,14,11.432473555641284,228.892118840714,101.5199966430664,274.0299987792969,425437231
12,15,11.3725188505692,229.07238088499093,186.3800048828125,274.3999938964844,317559964
12,16,11.269736498400635,228.4250756315603,186.0399932861328,271.5299987792969,124594717
12,20,11.416697963457796,229.68563188677695,103.6500015258789,372.80999755859375,712642284
12,21,11.337990418160205,230.46319220857896,104.33999633789062,394.1199951171875,380046366
12,22,10.921543847800121,229.71456438365576,189.39999389648438,276.4200134277344,33592209
12,23,11.419543767770522,228.82189560857995,172.5,375.6400146484375,511090763
12,24,11.321399568977467,229.1068898517075,104.7300033569336,308.4100036621094,415694197
13,-1,12.12755677100152,239.83081606298975,100.01000213623047,388.79998779296875,2911576277
13,14,12.135139315301942,239.2658310094531,100.01000213623047,287.3800048828125,421854975
13,15,12.020469753942418,239.4947460708762,190.13999938964844,284.5400085449219,318045610
13,16,11.951960957114546,239.03519678224146,193.24000549316406,281.92999267578125,124148089
13,20,12.159458838948574,240.32246575627985,102.01000213623047,388.79998779296875,711253364
13,21,12.181135160276929,240.96067902640036,122.88999938964844,340.5400085449219,378836327
13,22,11.666158373266745,240.25005748073477,198.94000244140625,288.0899963378906,33599338
13,23,12.147021793441134,239.3876054315568,101.51000213623047,374.6499938964844,509433227
13,24,12.058396635601763,239.53637321482643,118.2699966430664,347.6700134277344,414405347
14,-1,11.773683031698585,250.09988301535012,100.0,400.0,2267367781
14,14,11.749861777537449,249.574873823297,100.51000213623047,298.9200134277344,424890551
14,15,11.57393815258128,249.95558197242133,191.89999389648438,289.7099914550781,318079113
14,16,11.549337285798371,249.4675801832405,201.92999267578125,288.2099914550781,124699942
14,20,13.274180084742042,250.88829104401137,100.0,400.0,58669761
14,21,11.876333082619622,251.34002625500224,133.6699981689453,373.010009765625,380389718
14,22,11.294388867951861,250.72174834763024,205.47000122070312,292.25,33573719
14,23,11.744894460192485,249.8276377131192,191.0,386.6499938964844,511171259
14,24,11.682481958085354,249.97511775807658,114.91000366210938,378.9200134277344,415893718
15,-1,28.42110867138325,237.21662327050262,101.25,397.4599914550781,2715091292
15,14,28.598592633469504,237.09067066400007,101.25,312.9100036621094,426878957
15,15,28.82251981555003,237.7620390360526,131.60000610351562,312.2200012207031,107959362
15,16,28.506057267785096,237.6982465256289,131.3300018310547,311.6099853515625,124860857
15,20,28.10223039578561,237.03076364094588,107.0999984741211,397.4599914550781,713540310
15,21,28.396199875815363,237.39064557168982,118.08000183105469,349.5899963378906,380030094
15,22,28.672314848374626,237.01526626234335,133.9499969482422,314.19000244140625,33600800
15,23,28.553422541602036,237.13468553310776,123.4800033569336,382.6000061035156,511260097
15,24,28.486150977925124,237.3362742386059,110.7699966430664,389.1300048828125,416960815
