channel,Global_Channel_ID,Raw_Channel_ID,Level_hPa,n,obs_min,obs_max,obs_mean,obs_std,source
gps_angle,322,1,1000,284743,0.006248190067708492,0.05535423010587692,0.028180808172786363,0.004439251691371471,nnja
gps_angle,322,1,925,554791,0.005199570208787918,0.061563219875097275,0.026189286229219438,0.004513833189616729,nnja
gps_angle,322,1,850,1185976,0.0037764599546790123,0.07400091737508774,0.022204883875504237,0.004364292796709685,nnja
gps_angle,322,1,700,2023478,0.0014677699655294418,0.08277902752161026,0.017561708324117433,0.0035903878146130793,nnja
gps_angle,322,1,600,1766639,0.002209099940955639,0.08048780262470245,0.013700270945834253,0.002025048479675541,nnja
gps_angle,322,1,500,2048199,0.0012525899801403284,0.0728011503815651,0.011331770012746802,0.0013827420283726883,nnja
gps_angle,322,1,400,2471958,0.00017954000213649124,0.06570643186569214,0.009228146786884587,0.0010081981202473623,nnja
gps_angle,322,1,300,2196631,3.563000063877553e-05,0.05330216884613037,0.007604332477089119,0.0007992893476914237,nnja
gps_angle,322,1,250,1677979,0.0005729200202040374,0.027649590745568275,0.0064893942595519016,0.0006389693601565694,nnja
gps_angle,322,1,200,1981284,0.00010332999954698607,0.031496528536081314,0.0054753982883176434,0.0004964283813695364,nnja
gps_angle,322,1,150,2407060,0.00011054999777115881,0.028599390760064125,0.0043452770642739376,0.0004065037204219715,nnja
gps_angle,322,1,100,3311517,2.9790000553475693e-05,0.027213329449295998,0.0031003771728143254,0.00048299332925961374,nnja
gps_angle,322,1,50,32685453,9.99999993922529e-09,0.057818248867988586,0.00038476161125305177,0.000572774517620111,nnja
gps_t,323,2,1000,21304057,220.52899,321.63742,290.363264491226,11.558283503117016,ufs_fallback
gps_t,323,2,925,52900127,220.46912,321.00464,284.87713885159934,12.576435246624468,ufs_fallback
gps_t,323,2,850,113494494,220.52849,316.8814,281.3266315878544,12.306093473604149,ufs_fallback
gps_t,323,2,700,172654259,208.29346,306.05334,275.09295821213595,11.744572870247962,ufs_fallback
gps_t,323,2,600,169895079,203.59315,294.09686,267.02091228098504,11.570071593859542,ufs_fallback
gps_t,323,2,500,200216844,210.99687,289.3855,258.3749364237724,11.640902830575952,ufs_fallback
gps_t,323,2,400,239677525,206.0792,276.39926,247.39720920427396,11.726568896326068,ufs_fallback
gps_t,323,2,300,216221531,197.45868,262.75015,235.31319498385457,10.5013618788698,ufs_fallback
gps_t,323,2,250,167845961,191.01025,251.1946,225.7366164017764,7.8740552836329725,ufs_fallback
gps_t,323,2,200,199983742,182.90402,243.44676,218.7418153900333,6.103724605342345,ufs_fallback
gps_t,323,2,150,247873070,178.86159,241.68355,212.0822460722628,8.09773208811359,ufs_fallback
gps_t,323,2,100,348487868,176.56197,249.4119,206.75980233864144,11.05076081371157,ufs_fallback
gps_t,323,2,50,3713536638,171.3329,322.62216,237.76288869522008,19.428036934562083,ufs_fallback
gps_q,324,3,1000,21304057,2.0115785e-05,0.026085082,0.0102165870518917,0.0051817340314815,ufs_fallback
gps_q,324,3,925,52900127,2.6112336e-06,0.022768298,0.0079397146857121,0.0048302435374204,ufs_fallback
gps_q,324,3,850,113494494,1e-07,0.021300957,0.0055688454311573,0.004016108697544,ufs_fallback
gps_q,324,3,700,172654259,1e-07,0.01788211,0.0033139251991006,0.0029310262470068,ufs_fallback
gps_q,324,3,600,169895079,1e-07,0.013769208,0.0019901680361796,0.0020250122241173,ufs_fallback
gps_q,324,3,500,200216844,1e-07,0.010496895,0.0011316573607502,0.001297278906061,ufs_fallback
gps_q,324,3,400,239677525,1e-07,0.0071719345,0.0005507275108477,0.000682394255056,ufs_fallback
gps_q,324,3,300,216221531,1e-07,0.0036709062,0.0002155607765146,0.0002669962516423,ufs_fallback
gps_q,324,3,250,167845961,1e-07,0.0017195272,8.109487921373143e-05,9.483243156315808e-05,ufs_fallback
gps_q,324,3,200,199983742,1e-07,0.00068808533,2.7164960360355303e-05,3.105932461093099e-05,ufs_fallback
gps_q,324,3,150,247873070,1e-07,0.00016644446,6.840586888926132e-06,6.102123302427828e-06,ufs_fallback
gps_q,324,3,100,348487868,1e-07,5.0901086e-05,2.892517914634081e-06,7.993054682945662e-07,ufs_fallback
gps_q,324,3,50,3713536638,1e-07,4.4739765e-05,2.662087685253632e-06,6.342333307196786e-07,ufs_fallback
q,326,5,1000,26207399,1.4000000192027073e-05,0.0654899999499321,0.008402075504827784,0.005313967525741795,nnja
q,326,5,925,5080758,1.4999999621068127e-05,0.0622280016541481,0.006837945739933148,0.004437239685910759,nnja
q,326,5,850,2752049,1.5999999959603883e-05,0.06502500176429749,0.005635165414924368,0.0038171637708946807,nnja
q,326,5,700,1190961,1.8999999156221747e-05,0.05035499855875969,0.00373996876046108,0.0030394610225163935,nnja
q,326,5,600,460119,2.2000000171829015e-05,0.038920000195503235,0.0022890776108572416,0.0021824672790811323,nnja
q,326,5,500,792427,2.2000000171829015e-05,0.05324599891901016,0.001171024971774062,0.0012952199172493132,nnja
q,326,5,400,726946,3.000000106112566e-06,0.05872099846601486,0.0005828435647953718,0.0008025913724526884,nnja
q,326,5,300,473698,3.999999989900971e-06,0.06536500155925751,0.0002685835927744446,0.0006836956902689876,nnja
q,326,5,250,312053,5.0999999075429514e-05,0.06483399868011475,0.000498584062359822,0.0032915715994573332,nnja
q,326,5,200,91989,6.199999916134402e-05,0.06254799664020538,0.00011316902002643765,0.0006839166722427385,nnja
q,326,5,150,7417,8.199999865610152e-05,0.06222099810838699,0.00044072037035409843,0.0029380811552487504,nnja
q,326,5,100,2670,0.00014099999680183828,0.06522800028324127,0.001680017977250759,0.007344757514114085,nnja
q,326,5,50,16319,0.0002010000025620684,0.05885700136423111,0.0016149115664181276,0.0020652648250560086,nnja
t,327,6,1000,32234270,173.25,349.95001220703125,286.73167964250547,11.909306693882026,nnja
t,327,6,925,10437841,174.64999389648438,349.54998779296875,286.13754762807355,11.498294112745052,nnja
t,327,6,850,7589334,174.9499969482422,348.95001220703125,283.5701202317331,10.414711772856828,nnja
t,327,6,700,6268981,184.25,346.75,276.4109896605208,8.968174082962125,nnja
t,327,6,600,4397678,174.64999389648438,348.1499938964844,268.9509914794623,7.9521357720043016,nnja
t,327,6,500,4916660,177.25,332.1499938964844,259.79501239760333,7.8995109504965955,nnja
t,327,6,400,4255839,184.25,327.9499816894531,248.02176344905075,8.362645360390099,nnja
t,327,6,300,4080278,180.84999084472656,348.75,234.6020747739301,8.094089651653185,nnja
t,327,6,250,10300725,173.25,346.04998779296875,225.25713648304614,8.569278950467776,nnja
t,327,6,200,8915155,173.64999389648438,340.75,219.19053589065248,5.317802402574217,nnja
t,327,6,150,424726,173.64999389648438,345.95001220703125,214.35753993293136,7.455449681986209,nnja
t,327,6,100,434915,173.64999389648438,346.75,208.82030188521006,10.793649618428537,nnja
t,327,6,50,1546389,151.84999084472656,349.75,217.07870717694152,9.63571365439089,nnja
u,328,7,1000,2601882,-97.0999984741211,98.80000305175781,0.17351955216229498,4.285176125146118,nnja
u,328,7,925,5509026,-98.4000015258789,99.0,0.9810338162545477,5.694794243650645,nnja
u,328,7,850,5443487,-99.9000015258789,98.4000015258789,2.881221448699828,6.688542197750723,nnja
u,328,7,700,6030925,-99.4000015258789,99.9000015258789,5.601658235458157,8.158306310045933,nnja
u,328,7,600,4747171,-89.9000015258789,97.80000305175781,8.378885421172072,9.88916637111273,nnja
u,328,7,500,4887035,-67.0999984741211,96.5999984741211,11.60178866421636,11.944719140190658,nnja
u,328,7,400,4193607,-96.5999984741211,99.30000305175781,15.521078620489805,14.715896903012581,nnja
u,328,7,300,3977458,-84.0999984741211,99.9000015258789,19.70906036746716,17.814333183553334,nnja
u,328,7,250,10205029,-93.5999984741211,100.0,21.823673633913423,18.648638690379816,nnja
u,328,7,200,8824706,-94.30000305175781,100.0,23.867396049495834,18.286616876620133,nnja
u,328,7,150,302154,-98.5,99.0,13.07197385075083,17.352284618595462,nnja
u,328,7,100,488983,-92.80000305175781,83.0999984741211,8.548981018662372,13.651696762363015,nnja
u,328,7,50,1670781,-96.0,99.5999984741211,0.5496979525711501,13.228116580852861,nnja
v,329,8,1000,2601863,-99.5,99.0,0.23966969003884175,4.410646778146032,nnja
v,329,8,925,5509008,-99.80000305175781,96.80000305175781,0.8234704686543374,5.912790082092964,nnja
v,329,8,850,5443473,-99.5,98.30000305175781,0.7408992204559299,6.371537725105138,nnja
v,329,8,700,6030919,-96.0,96.80000305175781,0.20741266813051243,6.951854611694664,nnja
v,329,8,600,4747163,-95.9000015258789,96.80000305175781,0.049802734855660474,8.180814853125364,nnja
v,329,8,500,4887033,-99.4000015258789,97.5999984741211,-0.006284446876356595,9.882872472929437,nnja
v,329,8,400,4193607,-94.4000015258789,96.80000305175781,0.0598378438777058,12.471685393672841,nnja
v,329,8,300,3977492,-93.69999694824219,99.4000015258789,0.1396636121563621,15.624051092171124,nnja
v,329,8,250,10205228,-99.4000015258789,97.80000305175781,0.42245702803090934,16.537206162181935,nnja
v,329,8,200,8825001,-94.0,96.30000305175781,1.0225132087812117,15.303426694329753,nnja
v,329,8,150,302155,-79.9000015258789,93.30000305175781,0.34289420977067414,10.163077587512209,nnja
v,329,8,100,488988,-79.5,90.5999984741211,0.24724860348716615,7.4628564751953,nnja
v,329,8,50,1670782,-99.9000015258789,98.69999694824219,-0.8932317900321104,6.742951326297546,nnja
