"Name","Version","License","URL"
"Cartopy","0.25.0","BSD-3-Clause","https://github.com/SciTools/cartopy"
"GitPython","3.1.62","BSD-3-Clause","https://github.com/gitpython-developers/GitPython"
"Jinja2","3.1.6","BSD License","https://github.com/pallets/jinja/"
"Markdown","3.10","BSD-3-Clause","https://Python-Markdown.github.io/"
"MarkupSafe","3.0.3","BSD-3-Clause","https://github.com/pallets/markupsafe/"
"PyYAML","6.0.3","MIT License","https://pyyaml.org/"
"Werkzeug","3.1.4","BSD-3-Clause","https://github.com/pallets/werkzeug/"
"absl-py","2.3.1","Apache-2.0","https://github.com/abseil/abseil-py"
"aiobotocore","2.26.0","Apache-2.0","https://github.com/aio-libs/aiobotocore"
"aiohappyeyeballs","2.6.1","Python Software Foundation License","https://github.com/aio-libs/aiohappyeyeballs"
"aiohttp","3.13.2","Apache-2.0 AND MIT","https://github.com/aio-libs/aiohttp"
"aioitertools","0.13.0","MIT","https://aioitertools.omnilib.dev/en/latest/changelog.html"
"aiosignal","1.4.0","Apache Software License","https://github.com/aio-libs/aiosignal"
"annotated-types","0.7.0","MIT License","https://github.com/annotated-types/annotated-types"
"antlr4-python3-runtime","4.9.3","BSD","http://www.antlr.org"
"anyio","4.12.0","MIT","https://anyio.readthedocs.io/en/stable/versionhistory.html"
"attrs","25.4.0","MIT","https://www.attrs.org/en/stable/changelog.html"
"botocore","1.41.5","Apache-2.0","https://github.com/boto/botocore"
"certifi","2025.11.12","Mozilla Public License 2.0 (MPL 2.0)","https://github.com/certifi/python-certifi"
"cftime","1.6.5","MIT","https://github.com/Unidata/cftime"
"charset-normalizer","3.4.4","MIT","https://github.com/jawah/charset_normalizer/blob/master/CHANGELOG.md"
"click","8.3.1","BSD-3-Clause","https://github.com/pallets/click/"
"cloudpickle","3.1.2","BSD License","https://github.com/cloudpipe/cloudpickle"
"contourpy","1.3.3","BSD License","https://github.com/contourpy/contourpy"
"cuda-bindings","13.4.2","Apache-2.0","https://github.com/NVIDIA/cuda-python"
"cuda-pathfinder","1.8.2","Apache-2.0","https://github.com/NVIDIA/cuda-python"
"cuda-toolkit","13.0.3.0","NVIDIA CUDA Toolkit EULA","https://developer.nvidia.com/cuda-toolkit"
"cycler","0.12.1","BSD License","https://matplotlib.org/cycler/"
"diffusers","0.36.0","Apache Software License","https://github.com/huggingface/diffusers"
"donfig","0.8.1.post1","MIT License","https://github.com/pytroll/donfig"
"duckdb","1.4.4","MIT License","https://github.com/duckdb/duckdb-python"
"earth2grid","2025.11.1+torch214","Apache-2.0","https://github.com/NVlabs/earth2grid"
"einops","0.8.1","MIT License","https://github.com/arogozhnikov/einops"
"filelock","3.20.1","MIT License","https://github.com/tox-dev/py-filelock"
"fonttools","4.61.1","MIT","http://github.com/fonttools/fonttools"
"frozenlist","1.8.0","Apache-2.0","https://github.com/aio-libs/frozenlist"
"fsspec","2026.9.0","BSD-3-Clause","https://github.com/fsspec/filesystem_spec"
"gitdb","4.0.12","BSD License","https://github.com/gitpython-developers/gitdb"
"google-crc32c","1.8.0","Apache-2.0","https://github.com/googleapis/python-crc32c"
"grpcio","1.76.0","Apache Software License","https://grpc.io"
"h11","0.16.0","MIT License","https://github.com/python-hyper/h11"
"h5py","3.15.1","BSD-3-Clause","https://www.h5py.org/"
"hf-xet","1.2.0","Apache-2.0","https://github.com/huggingface/xet-core"
"httpcore","1.0.9","BSD-3-Clause","https://www.encode.io/httpcore/"
"httpx","0.28.1","BSD License","https://github.com/encode/httpx"
"huggingface_hub","1.2.3","Apache Software License","https://github.com/huggingface/huggingface_hub"
"hydra-core","1.3.2","MIT License","https://github.com/facebookresearch/hydra"
"idna","3.11","BSD-3-Clause","https://github.com/kjd/idna"
"importlib_metadata","9.0.1","Apache-2.0","https://github.com/python/importlib_metadata"
"jaxtyping","0.3.11","MIT License","https://github.com/patrick-kidger/jaxtyping"
"jmespath","1.0.1","MIT License","https://github.com/jmespath/jmespath.py"
"kiwisolver","1.4.9","BSD License","https://github.com/nucleic/kiwi"
"lightning-utilities","0.15.2","Apache-2.0","https://github.com/Lightning-AI/utilities"
"llvmlite","0.49.0","BSD-2-Clause AND Apache-2.0 WITH LLVM-exception","http://llvmlite.readthedocs.io"
"matplotlib","3.10.8","Python Software Foundation License","https://matplotlib.org"
"ml_dtypes","0.5.4","Apache-2.0","https://github.com/jax-ml/ml_dtypes"
"mpmath","1.3.0","BSD License","http://mpmath.org/"
"multidict","6.7.0","Apache License 2.0","https://github.com/aio-libs/multidict"
"networkx","3.6.1","BSD-3-Clause","https://networkx.org/"
"numba","0.67.0","BSD License","https://numba.pydata.org"
"numcodecs","0.14.1","MIT License","https://github.com/zarr-developers/numcodecs"
"numpy","2.3.5","BSD License","https://numpy.org"
"nvdlfw_inspect","0.2.2","Apache2","https://github.com/NVIDIA/nvidia-dlfw-inspect"
"nvidia-cublas","13.1.1.3","LicenseRef-NVIDIA-Proprietary","https://developer.nvidia.com/cuda-zone"
"nvidia-cuda-cupti","13.0.85","Other/Proprietary License","https://developer.nvidia.com/cuda-zone"
"nvidia-cuda-nvrtc","13.0.88","Other/Proprietary License","https://developer.nvidia.com/cuda-zone"
"nvidia-cuda-runtime","13.0.96","LicenseRef-NVIDIA-Proprietary","https://developer.nvidia.com/cuda-zone"
"nvidia-cudnn-cu13","9.24.0.43","LicenseRef-NVIDIA-Proprietary","https://developer.nvidia.com/cuda-zone"
"nvidia-cufft","12.0.0.61","Other/Proprietary License","https://developer.nvidia.com/cuda-zone"
"nvidia-cufile","1.15.1.6","Other/Proprietary License","https://developer.nvidia.com/cuda-zone"
"nvidia-curand","10.4.0.35","Other/Proprietary License","https://developer.nvidia.com/cuda-zone"
"nvidia-cusolver","12.0.4.66","Other/Proprietary License","https://developer.nvidia.com/cuda-zone"
"nvidia-cusparse","12.6.3.3","Other/Proprietary License","https://developer.nvidia.com/cuda-zone"
"nvidia-cusparselt-cu13","0.8.1","NVIDIA Proprietary Software","https://developer.nvidia.com/cusparselt"
"nvidia-cutlass-dsl","4.8.0","Other/Proprietary License","https://github.com/NVIDIA/cutlass"
"nvidia-cutlass-dsl-libs-base","4.8.0","Other/Proprietary License","https://github.com/NVIDIA/cutlass"
"nvidia-cutlass-dsl-libs-core","4.8.0","Other/Proprietary License","https://github.com/NVIDIA/cutlass"
"nvidia-cutlass-dsl-libs-cu12","4.8.0","Other/Proprietary License","https://github.com/NVIDIA/cutlass"
"nvidia-cutlass-dsl-libs-cu13","4.8.0","Other/Proprietary License","https://github.com/NVIDIA/cutlass"
"nvidia-nccl-cu13","2.30.7","LicenseRef-NVIDIA-Proprietary","https://developer.nvidia.com/cuda-zone"
"nvidia-nvjitlink","13.4.92","LicenseRef-NVIDIA-Proprietary","https://developer.nvidia.com/cuda-zone"
"nvidia-nvshmem-cu13","3.4.5","LicenseRef-NVIDIA-Proprietary","https://developer.nvidia.com/cuda-zone"
"nvidia-nvtx","13.0.85","Other/Proprietary License","https://developer.nvidia.com/cuda-zone"
"nvidia-physicsnemo","2.2.2","Apache-2.0","https://github.com/NVIDIA/physicsnemo"
"nvtx","0.2.16","Apache-2.0 WITH LLVM-exception","https://github.com/NVIDIA/NVTX"
"obstore","0.11.1","MIT License","https://developmentseed.org/obstore"
"omegaconf","2.3.0","BSD License","https://github.com/omry/omegaconf"
"onnx","1.20.0","Apache-2.0","https://onnx.ai/"
"onnx-ir","0.1.13","Apache-2.0","https://onnx.ai/ir-py"
"onnxscript","0.5.7","MIT License","https://microsoft.github.io/onnxscript/"
"orjson","3.12.0","MPL-2.0 AND (Apache-2.0 OR MIT)","https://github.com/ijl/orjson"
"packaging","25.0","Apache Software License; BSD License","https://github.com/pypa/packaging"
"pandas","2.3.3","BSD License","https://pandas.pydata.org"
"pillow","11.3.0","MIT-CMU","https://python-pillow.github.io"
"platformdirs","4.5.1","MIT","https://github.com/tox-dev/platformdirs"
"propcache","0.4.1","Apache Software License","https://github.com/aio-libs/propcache"
"protobuf","6.33.2","3-Clause BSD License","https://developers.google.com/protocol-buffers/"
"psutil","7.1.3","BSD-3-Clause","https://github.com/giampaolo/psutil"
"pyarrow","22.0.0","Apache Software License","https://arrow.apache.org/"
"pydantic","2.12.5","MIT","https://github.com/pydantic/pydantic"
"pydantic_core","2.41.5","MIT","https://github.com/pydantic/pydantic-core"
"pyparsing","3.2.5","MIT","https://github.com/pyparsing/pyparsing/"
"pyproj","3.7.2","MIT","https://pyproj4.github.io/pyproj/"
"pyshp","3.0.3","MIT","https://github.com/GeospatialPython/pyshp"
"python-dateutil","2.9.0.post0","Apache Software License; BSD License","https://github.com/dateutil/dateutil"
"python-dotenv","1.2.1","BSD-3-Clause","https://github.com/theskumar/python-dotenv"
"pytz","2025.2","MIT License","http://pythonhosted.org/pytz"
"pyvers","0.2.3","MIT License","https://github.com/mtkennerly/pyvers"
"regex","2025.11.3","Apache-2.0 AND CNRI-Python","https://github.com/mrabarnett/mrab-regex"
"requests","2.32.5","Apache Software License","https://requests.readthedocs.io"
"s3fs","2026.9.0","BSD License","http://github.com/fsspec/s3fs/"
"safetensors","0.7.0","Apache Software License","https://github.com/huggingface/safetensors"
"scipy","1.16.3","BSD License","https://scipy.org/"
"sentry-sdk","2.48.0","BSD License","https://github.com/getsentry/sentry-python"
"shapely","2.1.2","BSD License","https://github.com/shapely/shapely"
"shellingham","1.5.4","ISC License (ISCL)","https://github.com/sarugaku/shellingham"
"six","1.17.0","MIT License","https://github.com/benjaminp/six"
"smmap","5.0.2","BSD License","https://github.com/gitpython-developers/smmap"
"sympy","1.14.0","BSD License","https://sympy.org"
"tensorboard","2.20.0","Apache Software License","https://github.com/tensorflow/tensorboard"
"tensorboard-data-server","0.7.2","Apache Software License","https://github.com/tensorflow/tensorboard/tree/master/tensorboard/data/server"
"tensordict","0.14.2","BSD","https://github.com/pytorch/tensordict"
"termcolor","3.2.0","MIT","https://github.com/termcolor/termcolor"
"timm","1.0.22","Apache Software License","https://github.com/huggingface/pytorch-image-models"
"torch","2.14.0","Apache-2.0 AND Apache-2.0 WITH LLVM-exception AND BSD-2-Clause AND BSD-3-Clause AND BSL-1.0 AND MIT","https://pytorch.org"
"torchmetrics","1.8.2","Apache Software License","https://github.com/Lightning-AI/torchmetrics"
"torchvision","0.29.0","BSD","https://github.com/pytorch/vision"
"tqdm","4.67.1","MIT License; Mozilla Public License 2.0 (MPL 2.0)","https://tqdm.github.io"
"transformer_engine","2.14.0","Apache-2.0","https://github.com/NVIDIA/TransformerEngine"
"transformer_engine_cu13","2.14.0","Apache-2.0","https://github.com/NVIDIA/TransformerEngine"
"transformer_engine_torch","2.14.0","Apache-2.0","https://github.com/NVIDIA/TransformerEngine"
"treelib","1.8.0","Apache Software License","https://github.com/caesar0301/treelib"
"triton","3.8.0","MIT","https://github.com/triton-lang/triton/"
"typer-slim","0.20.0","MIT License","https://github.com/fastapi/typer"
"typing-inspection","0.4.2","MIT","https://github.com/pydantic/typing-inspection"
"typing_extensions","4.15.0","PSF-2.0","https://github.com/python/typing_extensions"
"tzdata","2025.3","Apache-2.0","https://github.com/python/tzdata"
"urllib3","2.8.0","MIT","https://github.com/urllib3/urllib3/blob/main/CHANGES.rst"
"wadler_lindig","0.1.7","Apache Software License","https://github.com/patrick-kidger/wadler_lindig"
"wandb","0.23.1","MIT License","https://github.com/wandb/wandb"
"warp-lang","1.17.0","Apache-2.0","https://developer.nvidia.com/warp-python"
"wrapt","1.17.3","BSD License","https://github.com/GrahamDumpleton/wrapt"
"xarray","2025.12.0","Apache-2.0","https://xarray.dev/"
"yarl","1.22.0","Apache Software License","https://github.com/aio-libs/yarl"
"zarr","3.1.5","MIT","https://github.com/zarr-developers/zarr-python"
"zipp","3.23.0","MIT","https://github.com/jaraco/zipp"
