variable,level,std,mean,domain
U,1000,6.112931789535318,-0.4214585745883778,all cells
U,925,7.878694229582511,0.17210717623463925,all cells
U,850,8.18771410549352,1.0154458889195914,all cells
U,700,9.226954555867206,3.138502406276939,all cells
U,600,10.398311913375403,4.699111440721659,all cells
U,500,12.039454335729122,6.57287426086199,all cells
U,400,14.363446354111154,9.068167984127278,all cells
U,300,17.37953049110878,12.478617840620442,all cells
U,250,18.692749870849937,14.335177913960464,all cells
U,200,18.910100765150876,15.50669282340767,all cells
U,150,17.369706433878925,14.69137045019094,all cells
U,100,14.328413121859949,10.120505057731629,all cells
U,50,14.84313816749871,3.506298007135812,all cells
u10,-1,25.14753017393313,0.5615279282638136,all cells
V,1000,5.097141844208897,0.1954820840526591,all cells
V,925,6.132284844670222,0.1932855108699895,all cells
V,850,5.824564362015327,0.09364253084966746,all cells
V,700,6.36345360243327,-0.014935242990630678,all cells
V,600,7.217366997530482,-0.046918309699701885,all cells
V,500,8.486042689754028,-0.03416471185125216,all cells
V,400,10.404014817981164,-0.011734408221318906,all cells
V,300,12.662438931628488,-0.03418280930725224,all cells
V,250,13.151649884589562,-0.05976030771521422,all cells
V,200,12.136011464784218,-0.08096709858611328,all cells
V,150,9.772830537036588,-0.07196602333558692,all cells
V,100,7.1358658367415115,0.003909066201762404,all cells
V,50,5.683203180618388,0.005268511512239059,all cells
v10,-1,8.447429035496977,0.008098675804093396,all cells
T,1000,13.32494344613,288.5584877860119,all cells
T,925,12.690038138674781,284.3197451958264,all cells
T,850,12.304703804021395,281.3025171311175,all cells
T,700,11.494474850416854,273.84999783064086,all cells
T,600,10.919634833298938,267.0141548544356,all cells
T,500,10.925790494278658,258.6785220967619,all cells
T,400,10.885681379655239,247.74163666585838,all cells
T,300,9.400455618353215,233.52091415860218,all cells
T,250,7.3298541318007215,225.82461608264381,all cells
T,200,5.329711537887432,218.6813575452687,all cells
T,150,7.345225248347432,211.5567175319193,all cells
T,100,11.356546356327362,204.6543859030325,all cells
T,50,7.531017245307093,210.96279518821393,all cells
t10,-1,9.214103245408023,228.53323480332398,all cells
Z,1000,906.9182124193012,941.8911864568046,all cells
Z,925,1023.2570192075922,7371.293266458552,all cells
Z,850,1211.158119699237,14263.685195770862,all cells
Z,700,1749.8505073189692,29793.230008929666,all cells
Z,600,2201.2104381085423,41782.14853506018,all cells
Z,500,2741.5546877048887,55554.48535372298,all cells
Z,400,3412.259954872454,71785.67326847215,all cells
Z,300,4222.5157916911485,91654.04192884138,all cells
Z,250,4611.854844349352,103668.60503938614,all cells
Z,200,4843.007363078679,117892.22794091597,all cells
Z,150,4733.249889205942,135650.0132016627,all cells
Z,100,4148.965449036014,159809.63213404187,all cells
Z,50,3884.7448123804206,200954.98224390653,all cells
z10,-1,6462.710131322683,302439.621272675,all cells
Q,1000,0.005755858410799799,0.009377545564624147,all cells
Q,925,0.004984286900881117,0.008041805551205032,all cells
Q,850,0.004194775152202661,0.006064107977402808,all cells
Q,700,0.0027877344659859747,0.0032183947240480514,all cells
Q,600,0.0019777191598865144,0.0020302245559981878,all cells
Q,500,0.0012417395580798525,0.001130726710415262,all cells
Q,400,0.0005897443688164844,0.0005154834027520824,all cells
Q,300,0.0001939358024148523,0.00017347916395992903,all cells
Q,250,8.527546548314157e-05,7.961393361269677e-05,all cells
Q,200,2.5655886405299263e-05,2.6619150049057286e-05,all cells
Q,150,4.238093239962274e-06,6.531792665422738e-06,all cells
Q,100,6.127556839531927e-07,2.639752007542046e-06,all cells
Q,50,2.5639837186775144e-07,2.6215289153149457e-06,all cells
W,1000,0.08690080474693913,0.00893754874470433,all cells
W,925,0.1393549840842408,0.0075248690605901,all cells
W,850,0.17702057077304278,0.004650556954881929,all cells
W,700,0.19554139773346543,0.0008943558521108877,all cells
W,600,0.19457354214408523,0.00015453105147173035,all cells
W,500,0.1910613740373324,-4.0390683399876e-06,all cells
W,400,0.17677889180970016,8.568371258372625e-07,all cells
W,300,0.13915970935013186,9.957062543281553e-07,all cells
W,250,0.11144407887028128,7.969127094098088e-07,all cells
W,200,0.08064589589858008,-4.255022270072104e-07,all cells
W,150,0.050050201623455116,-3.6386068726670255e-08,all cells
W,100,0.023751188148429192,1.1204864540092887e-08,all cells
W,50,0.010823326274576847,1.0586906964870068e-09,all cells
tcwv,-1,16.853549902162666,24.450423813017316,all cells
tas,-1,15.311649819383225,287.62871749265526,all cells
uas,-1,5.4659826421167015,-0.3922168085421966,all cells
vas,-1,4.523157925787925,0.19018666396437864,all cells
100u,-1,6.67760251401826,-0.3410919299391831,all cells
100v,-1,5.6170018718481725,0.18603864489023766,all cells
pres_msl,-1,1124.6321213893088,101145.32757551238,all cells
sst,-1,10.340327353736658,291.3692595381994,ocean
sic,-1,0.21363880990699768,0.05591878709323872,ocean
sp,-1,6667.049585328522,98568.97294735085,all cells
d2m,-1,15.017933528431843,282.5470565591775,all cells
skt,-1,16.154084740841697,288.39287280463793,all cells
tcc,-1,0.3464145119143923,0.630160506463713,all cells
lcc,-1,0.33887698735123795,0.3812662180329766,all cells
mcc,-1,0.31894574688779626,0.24949794298403324,all cells
hcc,-1,0.399595588152648,0.34196726987869414,all cells
stl1,-1,15.140895656421494,288.951265461798,all cells
stl2,-1,14.8259141309702,288.96217574753445,all cells
swvl1,-1,0.14485497136102796,0.24444718018891834,land
swvl2,-1,0.13005249930487767,0.2549718264293391,land
sd,-1,2.946745941944747,1.0369391124321845,land_or_ice
tcw,-1,0.36445763512485707,0.1300653067971172,residual tcw-tcwv
