Raw_Channel_ID,Platform_ID,obs_std,obs_mean,obs_min,obs_max
1,-1,7.820519384620412,215.40696305177556,179.7,247.17
1,0,7.820519384620451,215.40696305177556,179.7,247.17
2,-1,8.083312866684393,214.58824190948826,178.48,248.79
2,0,8.083312866684397,214.58824190948826,178.48,248.79
3,-1,7.905091547629721,215.5300380688355,180.54,248.69
3,0,7.905091547629658,215.5300380688355,180.54,248.69
4,-1,8.193445398362094,214.13839819304016,177.16,247.88
4,0,8.193445398362089,214.13839819304016,177.16,247.88
5,-1,7.779056633981624,217.8970195276888,180.12,251.19
5,0,7.779056633981656,217.8970195276888,180.12,251.19
6,-1,8.063219863773304,214.61871556183996,179.31,247.79
6,0,8.063219863773318,214.61871556183996,179.31,247.79
7,-1,7.916510826975395,216.0083039641139,177.36,250.09
7,0,7.91651082697547,216.0083039641139,177.36,250.09
8,-1,8.107281563875004,214.5810264958852,179.68,342.61
8,0,8.107281563874954,214.5810264958852,179.68,342.61
9,-1,7.837897003727775,215.6149252285439,180.52,340.43
9,0,7.837897003727693,215.6149252285439,180.52,340.43
10,-1,8.071704991205216,215.1328727605254,179.56,346.82
10,0,8.071704991205234,215.1328727605254,179.56,346.82
11,-1,8.378579746449992,221.62145802776305,181.11,258.92
11,0,8.37857974645005,221.62145802776305,181.11,258.92
12,-1,8.066122412444633,214.77644984412115,180.26,248.4
12,0,8.066122412444827,214.77644984412115,180.26,248.4
13,-1,7.867590324643858,216.5129817186867,180.78,346.04
13,0,7.867590324643861,216.5129817186867,180.78,346.04
14,-1,8.012357962504208,214.92630346453203,179.95,336.26
14,0,8.012357962504232,214.92630346453203,179.95,336.26
15,-1,7.916646579565284,215.8470391174848,179.98,342.56
15,0,7.916646579565182,215.8470391174848,179.98,342.56
16,-1,8.145442497806428,214.42186720018634,179.63,305.15
16,0,8.145442497806583,214.42186720018634,179.63,305.15
17,-1,7.9358888796431275,215.56483441198046,179.66,334.36
17,0,7.9358888796431275,215.56483441198046,179.66,334.36
18,-1,8.137674174343314,214.36366730675087,179.31,248.2
18,0,8.13767417434332,214.36366730675087,179.31,248.2
19,-1,8.022943695010694,215.0208723931391,179.34,329.22
19,0,8.022943695010596,215.0208723931391,179.34,329.22
20,-1,8.170833447891358,214.4025796981246,180.0,308.87
20,0,8.170833447891459,214.4025796981246,180.0,308.87
21,-1,8.028075907273589,215.06532448985416,179.02,249.4
21,0,8.028075907273612,215.06532448985416,179.02,249.4
22,-1,8.06587713510941,214.71031384821077,179.21,248.51
22,0,8.065877135109305,214.71031384821077,179.21,248.51
23,-1,8.108294663144495,214.5072430370013,179.37,248.22
23,0,8.10829466314448,214.5072430370013,179.37,248.22
24,-1,8.09092807221786,214.41777702765273,179.4,306.02
24,0,8.090928072217906,214.41777702765273,179.4,306.02
25,-1,7.2499292595286295,216.3064710923975,183.3,246.46
25,0,7.249929259528632,216.3064710923975,183.3,246.46
26,-1,7.461608009770281,215.23836251708443,181.87,272.73
26,0,7.461608009770299,215.23836251708443,181.87,272.73
27,-1,6.847155799780288,215.5925788471068,183.49,322.9
27,0,6.847155799780193,215.5925788471068,183.49,322.9
28,-1,7.100748084654367,215.01355817025862,182.55,347.04
28,0,7.100748084654302,215.01355817025862,182.55,347.04
29,-1,6.236453374965746,216.76942150586467,184.17,241.36
29,0,6.2364533749658655,216.76942150586467,184.17,241.36
30,-1,6.707705310171684,215.57210673508598,183.72,348.07
30,0,6.707705310171688,215.57210673508598,183.72,348.07
31,-1,5.630089070522369,217.60309982813948,185.31,238.37
31,0,5.630089070522403,217.60309982813948,185.31,238.37
32,-1,6.272755689291632,216.4125298608299,184.4,273.46
32,0,6.272755689291576,216.4125298608299,184.4,273.46
33,-1,5.227754860697215,219.13887931539168,186.44,279.71
33,0,5.227754860697192,219.13887931539168,186.44,279.71
34,-1,4.982811984666045,220.84343184011055,185.7,267.74
34,0,4.982811984666178,220.84343184011055,185.7,267.74
35,-1,5.4931019428816645,218.05990236888098,185.27,258.33
35,0,5.493101942881464,218.05990236888098,185.27,258.33
36,-1,5.768053257903136,218.82548897800564,187.22,242.3
36,0,5.76805325790322,218.82548897800564,187.22,242.3
37,-1,4.900493499782214,222.90270468648575,187.71,318.55
37,0,4.900493499782216,222.90270468648575,187.71,318.55
38,-1,4.879696763781475,222.52823818175392,185.9,322.99
38,0,4.87969676378129,222.52823818175392,185.9,322.99
39,-1,5.108617675922534,219.78651209098868,185.94,248.28
39,0,5.108617675922432,219.78651209098868,185.94,248.28
40,-1,4.778853943540314,223.29609128054474,187.46,277.83
40,0,4.778853943540405,223.29609128054474,187.46,277.83
41,-1,4.901282996776982,223.5407136101358,186.57,337.38
41,0,4.901282996777084,223.5407136101358,186.57,337.38
42,-1,4.702004266089681,223.3416818767694,186.97,281.25
42,0,4.702004266089677,223.3416818767694,186.97,281.25
43,-1,4.861301216556853,224.3620736894441,186.77,277.65
43,0,4.861301216556851,224.3620736894441,186.77,277.65
44,-1,5.080320050343377,227.89477309402852,187.37,280.62
44,0,5.080320050343579,227.89477309402852,187.37,280.62
45,-1,5.504084005069537,228.6508994835124,186.97,245.89
45,0,5.504084005069571,228.6508994835124,186.97,245.89
46,-1,6.312495515093472,232.88475912533795,184.07,251.79
46,0,6.312495515093357,232.88475912533795,184.07,251.79
47,-1,5.954307146213165,232.20356575567027,185.39,339.48
47,0,5.954307146213245,232.20356575567027,185.39,339.48
48,-1,6.526511293945975,234.82182054663195,181.75,257.88
48,0,6.5265112939460606,234.82182054663195,181.75,257.88
49,-1,6.166837373673002,232.60934044147217,187.01,276.7
49,0,6.166837373673005,232.60934044147217,187.01,276.7
50,-1,6.5681301371192395,235.96502926278092,186.17,268.31
50,0,6.568130137119429,235.96502926278092,186.17,268.31
51,-1,7.566025039998731,239.9693350530631,184.4,270.9
51,0,7.5660250399987685,239.9693350530631,184.4,270.9
52,-1,6.137460231753821,234.58659186935952,187.32,274.03
52,0,6.137460231753901,234.58659186935952,187.32,274.03
53,-1,10.074849535345882,249.77837179498215,183.03,282.31
53,0,10.07484953534578,249.77837179498215,183.03,282.31
54,-1,9.008614032969001,246.79897374772665,184.32,275.66
54,0,9.008614032968955,246.79897374772665,184.32,275.66
55,-1,11.069616357417848,253.4942788905613,182.98,290.46
55,0,11.06961635741775,253.4942788905613,182.98,290.46
56,-1,10.428805372623136,251.31186939760312,181.59,285.31
56,0,10.42880537262302,251.31186939760312,181.59,285.31
57,-1,9.80086274666559,248.83554470517933,182.68,281.08
57,0,9.800862746665272,248.83554470517933,182.68,281.08
58,-1,12.140668697387873,257.105143800769,185.1,297.34
58,0,12.140668697388065,257.105143800769,185.1,297.34
59,-1,12.142183088066934,256.5832435000031,184.88,296.84
59,0,12.142183088066993,256.5832435000031,184.88,296.84
60,-1,13.244007947264244,260.96867388305697,180.83,304.98
60,0,13.244007947264178,260.96867388305697,180.83,304.98
61,-1,12.726008983722995,259.7820215598712,179.47,301.59
61,0,12.726008983722942,259.7820215598712,179.47,301.59
62,-1,12.808317787196167,259.8801292844381,163.38,302.4
62,0,12.808317787195959,259.8801292844381,163.38,302.4
63,-1,12.878839031988178,259.72185262703323,180.67,303.07
63,0,12.87883903198789,259.72185262703323,180.67,303.07
64,-1,12.35875371346847,257.97195524835325,179.16,335.09
64,0,12.358753713468536,257.97195524835325,179.16,335.09
65,-1,12.076910963444973,257.2798847598606,181.85,335.8
65,0,12.076910963444824,257.2798847598606,181.85,335.8
66,-1,12.017985856776525,256.9663724961453,183.7,296.82
66,0,12.017985856776443,256.9663724961453,183.7,296.82
67,-1,11.899079829756854,257.2522087378267,177.93,328.44
67,0,11.899079829756854,257.2522087378267,177.93,328.44
68,-1,11.884687280184341,256.5410136344793,152.97,322.79
68,0,11.884687280184659,256.5410136344793,152.97,322.79
69,-1,15.597673225018612,268.1870818988278,178.8,333.37
69,0,15.597673225018529,268.1870818988278,178.8,333.37
70,-1,15.78572132730604,268.8414718401198,179.59,337.21
70,0,15.785721327306105,268.8414718401198,179.59,337.21
71,-1,12.714242041692382,260.3387264845307,182.29,331.6
71,0,12.714242041692332,260.3387264845307,182.29,331.6
72,-1,16.217352685511468,270.07321566010233,180.22,332.87
72,0,16.2173526855113,270.07321566010233,180.22,332.87
73,-1,18.33598880365271,273.71850644161515,178.57,345.1
73,0,18.335988803652842,273.71850644161515,178.57,345.1
74,-1,18.950614511560463,275.3799692907937,178.14,349.98
74,0,18.95061451156053,275.3799692907937,178.14,349.98
75,-1,18.865669088487447,275.0930653040272,178.38,343.65
75,0,18.86566908848712,275.0930653040272,178.38,343.65
76,-1,19.519833786196504,276.2622279415192,175.47,349.11
76,0,19.51983378619618,276.2622279415192,175.47,349.11
77,-1,19.470460387296146,276.3808552442141,179.03,346.31
77,0,19.470460387295923,276.3808552442141,179.03,346.31
78,-1,16.75078800782121,272.46546554370354,177.02,341.71
78,0,16.75078800782121,272.46546554370354,177.02,341.71
79,-1,19.624138888572837,277.15397935771813,178.63,344.48
79,0,19.62413888857276,277.15397935771813,178.63,344.48
80,-1,19.110327983164332,276.5959915198319,177.99,342.38
80,0,19.110327983163995,276.5959915198319,177.99,342.38
81,-1,16.924555365278113,273.60521732467765,178.22,331.81
81,0,16.92455536527816,273.60521732467765,178.22,331.81
82,-1,19.725010741556385,277.9042270057955,179.26,343.8
82,0,19.72501074155646,277.9042270057955,179.26,343.8
83,-1,19.6396805864189,277.6089634972175,179.21,341.43
83,0,19.639680586418685,277.6089634972175,179.21,341.43
84,-1,15.920987633071888,269.52987909010955,181.33,325.35
84,0,15.920987633072077,269.52987909010955,181.33,325.35
85,-1,17.76933951726831,273.1778242127742,179.79,334.51
85,0,17.76933951726834,273.1778242127742,179.79,334.51
86,-1,15.958099120979089,270.72398696536885,179.01,329.77
86,0,15.95809912097924,270.72398696536885,179.01,329.77
87,-1,14.589815802587696,267.50037874150837,180.05,322.18
87,0,14.58981580258762,267.50037874150837,180.05,322.18
88,-1,13.47035333385185,261.2660594240417,182.76,309.7
88,0,13.470353333851765,261.2660594240417,182.76,309.7
89,-1,12.654957350926187,261.6346662478217,181.25,311.54
89,0,12.654957350926379,261.6346662478217,181.25,311.54
90,-1,11.207810595476824,259.9498252541256,181.09,311.01
90,0,11.207810595476852,259.9498252541256,181.09,311.01
91,-1,14.818423720741972,269.42305664723676,179.57,327.68
91,0,14.818423720741864,269.42305664723676,179.57,327.68
92,-1,13.252064261147927,266.1719156401651,177.36,321.96
92,0,13.25206426114792,266.1719156401651,177.36,321.96
93,-1,13.24943644287397,266.32453515664986,176.47,321.76
93,0,13.24943644287396,266.32453515664986,176.47,321.76
94,-1,12.069055892529411,263.20318553003943,180.43,317.77
94,0,12.069055892529407,263.20318553003943,180.43,317.77
95,-1,11.573415861463815,262.1169898448834,176.42,317.75
95,0,11.573415861463877,262.1169898448834,176.42,317.75
96,-1,10.396618837242224,257.3347775926037,176.98,308.66
96,0,10.396618837242405,257.3347775926037,176.98,308.66
97,-1,8.706420033797613,249.2622780918699,178.06,292.2
97,0,8.706420033797755,249.2622780918699,178.06,292.2
98,-1,10.225512307392913,256.27539584243897,178.94,306.77
98,0,10.225512307392696,256.27539584243897,178.94,306.77
99,-1,9.205853472571143,249.8668284506039,176.75,296.23
99,0,9.205853472571144,249.8668284506039,176.75,296.23
100,-1,9.337495303206222,250.88111262010915,177.16,297.52
100,0,9.337495303206222,250.88111262010915,177.16,297.52
101,-1,5.691210603396686,230.7738714735785,182.01,271.14
101,0,5.691210603396729,230.7738714735785,182.01,271.14
102,-1,7.754732121143942,239.82509346700317,181.8,290.51
102,0,7.754732121143934,239.82509346700317,181.8,290.51
103,-1,10.020851760177228,253.02035859482328,179.27,304.48
103,0,10.020851760177363,253.02035859482328,179.27,304.48
104,-1,16.7183371153386,271.8634849808344,176.92,335.56
104,0,16.718337115338553,271.8634849808344,176.92,335.56
105,-1,16.590509427568964,270.68898920579613,180.41,335.61
105,0,16.590509427568996,270.68898920579613,180.41,335.61
106,-1,16.081977952476453,269.3989404969388,177.11,334.99
106,0,16.081977952476585,269.3989404969388,177.11,334.99
107,-1,15.684726319710242,269.0588029678307,177.17,335.14
107,0,15.684726319710359,269.0588029678307,177.17,335.14
108,-1,15.223237640773897,266.8009859893762,184.56,335.9
108,0,15.223237640774098,266.8009859893762,184.56,335.9
109,-1,15.581547534125397,266.8974664342161,184.62,335.98
109,0,15.5815475341252,266.8974664342161,184.62,335.98
110,-1,16.123350155447106,267.93609416824114,182.43,336.77
110,0,16.123350155447127,267.93609416824114,182.43,336.77
111,-1,14.03728915272072,261.037600814185,188.85,330.51
111,0,14.037289152720932,261.037600814185,188.85,330.51
112,-1,13.891138607157087,260.4369979093215,187.19,328.14
112,0,13.89113860715696,260.4369979093215,187.19,328.14
113,-1,14.182508790063306,262.8975873502823,184.66,335.06
113,0,14.182508790063302,262.8975873502823,184.66,335.06
114,-1,10.531766582067577,247.13456018703417,189.48,295.02
114,0,10.53176658206767,247.13456018703417,189.48,295.02
115,-1,10.12203481732776,245.49067252413192,189.54,290.9
115,0,10.122034817327874,245.49067252413192,189.54,290.9
116,-1,8.756063647968574,240.44688156918548,191.68,291.21
116,0,8.756063647968599,240.44688156918548,191.68,291.21
117,-1,8.0340010436052,239.06908725631664,193.49,290.83
117,0,8.034001043605349,239.06908725631664,193.49,290.83
