channel,Global_Channel_ID,Raw_Channel_ID,Level_hPa,n,obs_min,obs_max,obs_mean,obs_std
gps_angle,322,1,1000,21304057,7.811e-05,0.07982916,0.02751109161630674,0.004173024818985914
gps_angle,322,1,925,52900127,2.47e-05,0.08220173,0.02593899336386092,0.004496064329469673
gps_angle,322,1,850,113494494,3.323e-05,0.08277903,0.02207588275057053,0.004262081871619671
gps_angle,322,1,700,172654259,5.19e-06,0.08258753,0.017201886589699664,0.00303368848542571
gps_angle,322,1,600,169895079,5.35e-06,0.08265782,0.013881518783845366,0.0019537313191588033
gps_angle,322,1,500,200216844,2.8e-07,0.08229981,0.011436262430159364,0.0013614983553924633
gps_angle,322,1,400,239677525,7.7e-07,0.08238782,0.00932940228503932,0.0009952241261180677
gps_angle,322,1,300,216221531,2.1e-06,0.08181372,0.007713856909490724,0.000815033381708856
gps_angle,322,1,250,167845961,2.76e-06,0.07940254,0.006586950054101953,0.0006612993932829125
gps_angle,322,1,200,199983742,1.81e-06,0.08207558,0.005529246540183755,0.0005203593912602777
gps_angle,322,1,150,247873070,8e-08,0.08240849,0.0043428623813921005,0.00042844565585504796
gps_angle,322,1,100,348487868,1.5e-07,0.08237002,0.0030604332219890504,0.0004927772433220353
gps_angle,322,1,50,3713536638,1e-08,0.08287775,0.0003696663836118837,0.0005591643126697825
gps_t,323,2,1000,21304057,220.52899,321.63742,290.363264491226,11.558283503117016
gps_t,323,2,925,52900127,220.46912,321.00464,284.87713885159934,12.576435246624468
gps_t,323,2,850,113494494,220.52849,316.8814,281.3266315878544,12.306093473604149
gps_t,323,2,700,172654259,208.29346,306.05334,275.09295821213595,11.744572870247962
gps_t,323,2,600,169895079,203.59315,294.09686,267.02091228098504,11.570071593859542
gps_t,323,2,500,200216844,210.99687,289.3855,258.3749364237724,11.640902830575953
gps_t,323,2,400,239677525,206.0792,276.39926,247.39720920427393,11.726568896326068
gps_t,323,2,300,216221531,197.45868,262.75015,235.31319498385457,10.501361878869801
gps_t,323,2,250,167845961,191.01025,251.1946,225.73661640177636,7.8740552836329725
gps_t,323,2,200,199983742,182.90402,243.44676,218.7418153900333,6.103724605342345
gps_t,323,2,150,247873070,178.86159,241.68355,212.08224607226276,8.09773208811359
gps_t,323,2,100,348487868,176.56197,249.4119,206.75980233864146,11.05076081371157
gps_t,323,2,50,3713536638,171.3329,322.62216,237.76288869522006,19.428036934562083
gps_q,324,3,1000,21304057,2.0115785e-05,0.026085082,0.010216587051891702,0.005181734031481541
gps_q,324,3,925,52900127,2.6112336e-06,0.022768298,0.007939714685712158,0.0048302435374204585
gps_q,324,3,850,113494494,1e-07,0.021300957,0.005568845431157349,0.004016108697544019
gps_q,324,3,700,172654259,1e-07,0.01788211,0.0033139251991006085,0.0029310262470068527
gps_q,324,3,600,169895079,1e-07,0.013769208,0.0019901680361796336,0.0020250122241173853
gps_q,324,3,500,200216844,1e-07,0.010496895,0.0011316573607502139,0.0012972789060610513
gps_q,324,3,400,239677525,1e-07,0.0071719345,0.0005507275108477165,0.0006823942550560136
gps_q,324,3,300,216221531,1e-07,0.0036709062,0.00021556077651461514,0.00026699625164231666
gps_q,324,3,250,167845961,1e-07,0.0017195272,8.109487921373143e-05,9.483243156315808e-05
gps_q,324,3,200,199983742,1e-07,0.00068808533,2.7164960360355306e-05,3.105932461093099e-05
gps_q,324,3,150,247873070,1e-07,0.00016644446,6.8405868889261315e-06,6.102123302427828e-06
gps_q,324,3,100,348487868,1e-07,5.0901086e-05,2.892517914634081e-06,7.993054682945662e-07
gps_q,324,3,50,3713536638,1e-07,4.4739765e-05,2.662087685253632e-06,6.342333307196786e-07
ps,325,4,1000,1883908083,962.6,1100.0,1001.9691519670497,16.026884279044932
ps,325,4,925,268203462,887.6,962.5,935.1287662114685,20.686920361878457
ps,325,4,850,121887346,775.1,887.5,842.6973961871481,31.04255697601146
ps,325,4,700,19505754,650.1,775.0,725.1630279036773,38.45126889890042
ps,325,4,600,3334659,550.1,650.0,626.8918730220149,21.766366672011674
ps,325,4,500,22012,451.0,550.0,509.4257751123788,15.774618474884191
ps,325,4,400,76,351.0,450.0,397.6697371633429,30.943045391733882
ps,325,4,300,58,277.0,350.0,312.5068964464911,22.167708852863942
ps,325,4,250,43,227.0,273.0,249.3953488372093,15.047764483365755
ps,325,4,200,54,200.0,225.0,212.37037037037038,7.256217363494241
q,326,5,1000,107572406,0.0,0.065435,0.009922690434985377,0.005533950318258008
q,326,5,925,31041376,0.0,0.06431,0.00721194744226117,0.004832837926257625
q,326,5,850,32504845,0.0,0.065379,0.005423811863790178,0.003980964782099459
q,326,5,700,34353777,0.0,0.063124,0.0031964731799101987,0.0026846025369471234
q,326,5,600,17067151,0.0,0.043236,0.0019318980983007382,0.0017739908926298483
q,326,5,500,29579338,0.0,0.063666,0.0010865558521142623,0.001176799641631241
q,326,5,400,26891868,0.0,0.065511,0.0005122868215760802,0.0006145670841774341
q,326,5,300,22179321,0.0,0.065329,0.00018240697913328278,0.0002711946739614857
q,326,5,250,29744365,0.0,0.065509,6.839813108464214e-05,0.0001293416462878252
q,326,5,200,40277060,0.0,0.064214,3.063479862467287e-05,0.0001059382378404343
q,326,5,150,7463144,0.0,0.063666,1.899472424084364e-05,0.00018419457220680239
q,326,5,100,6808206,0.0,0.065228,1.9802398065508603e-05,0.00033224692792558876
q,326,5,50,27092789,0.0,0.065239,9.34498663805409e-05,0.00037640527053222175
t,327,6,1000,375247887,173.25,349.95,289.3620031819945,10.506608920936587
t,327,6,925,298691861,173.25,349.95,286.50274628165175,9.755731001033697
t,327,6,850,286788187,173.25,349.95,282.61548466539443,9.315076430487638
t,327,6,700,310155907,173.25,349.95,276.0873069414047,8.387973519981808
t,327,6,600,229865015,173.25,349.95,268.5868917807385,7.697938292475796
t,327,6,500,254101791,173.05,349.95,259.46996356094695,7.924454554984937
t,327,6,400,224750365,173.15,349.95,247.51835041950218,8.389498867392733
t,327,6,300,208330447,173.05,349.95,233.93111741685442,7.5896715116918525
t,327,6,250,520515658,172.75,349.95,224.11468238413443,5.963348511146601
t,327,6,200,449212055,172.65,349.85,219.12250059141823,5.167698648397528
t,327,6,150,11487826,172.75,349.15,214.23370186029504,6.98857996220053
t,327,6,100,10509284,162.85,349.95,208.6683301604248,11.053548993360067
t,327,6,50,40177904,173.25,349.75,216.71738968136845,9.719028281842453
u,328,7,1000,1625479575,-100.0,100.0,-0.18832418616619487,6.369370022514968
u,328,7,925,734753361,-100.0,100.0,-0.686032773870635,7.345332220290499
u,328,7,850,1198041992,-100.0,100.0,-1.1751906258820075,8.480149735660298
u,328,7,700,598564737,-100.0,100.0,3.6380763145694015,9.132177471637522
u,328,7,600,508601300,-100.0,100.0,6.289985204453551,10.552536353350444
u,328,7,500,694532418,-100.0,100.0,7.842463581687157,12.429883538084221
u,328,7,400,1308526554,-100.0,100.0,10.107628110955677,14.259923920687788
u,328,7,300,1559953797,-100.0,100.0,12.860195810183736,16.72173586190026
u,328,7,250,1571252681,-100.0,100.0,14.69543157208792,18.535173459211983
u,328,7,200,1509049425,-100.0,100.0,10.839085944516198,18.46480972117445
u,328,7,150,462785828,-100.0,100.0,4.073959758270573,14.472997968611999
u,328,7,100,30038148,-99.9,100.0,11.380445608280525,13.517771492523737
u,328,7,50,56577102,-100.0,100.0,0.5164321920192059,13.358930291467347
v,329,8,1000,1625469396,-99.9,99.9,0.2116979088865987,5.404106280271861
v,329,8,925,734747053,-100.0,100.0,0.9243657840435633,5.775725844705511
v,329,8,850,1198033635,-99.962814,100.0,0.4432683081484726,5.646088002158397
v,329,8,700,598554079,-100.0,100.0,0.11984894136938246,6.8938662605762415
v,329,8,600,508596934,-99.988235,100.0,-0.050855857928661846,7.9798353267308215
v,329,8,500,694528927,-99.96147,100.0,0.015302660842536949,9.596866687677954
v,329,8,400,1308542516,-100.0,100.0,-0.127742222183761,10.927039597591383
v,329,8,300,1560063511,-100.0,100.0,0.17042610782908937,12.63381131287711
v,329,8,250,1571363037,-100.0,100.0,0.4342195325197038,14.124885337136302
v,329,8,200,1509092038,-100.0,100.0,0.42743886182262625,12.076961314934687
v,329,8,150,462789531,-100.0,100.0,0.6369960529225325,8.910247955052158
v,329,8,100,30038307,-100.0,100.0,0.12817004188933454,8.524163612036496
v,329,8,50,56578063,-100.0,99.9,-0.9372315342980901,6.676328166868281
